state,total_agencies,population,reporting_agencies,number_of_incidences,year,incidences_per_100K,lat,lon
Alaska,1,260900,1,4,2000,1.53,64.0685,-152.2782
Arizona,88,4606625,22,240,2000,5.21,34.2744,-111.6602
Arkansas,4,77190,3,3,2000,3.89,34.8938,-92.4426
California,722,33869172,259,1943,2000,5.74,37.1841,-119.4696
Colorado,234,4300597,34,101,2000,2.35,38.9972,-105.5478
Connecticut,97,3316062,58,151,2000,4.55,41.6219,-72.7273
Delaware,52,783600,9,34,2000,4.34,38.9896,-75.505
District of Columbia,1,572059,1,5,2000,0.87,38.9101,-77.0147
Florida,491,15955498,107,240,2000,1.5,28.6305,-82.4497
Georgia,80,1077028,4,35,2000,3.25,32.6415,-83.4426
Idaho,118,1278863,26,45,2000,3.52,44.3509,-114.613
Illinois,46,4463308,45,183,2000,4.1,40.0417,-89.1965
Indiana,166,4415055,31,106,2000,2.4,39.8942,-86.2816
Iowa,220,2809355,15,33,2000,1.17,42.0751,-93.496
Kansas,1,339907,1,42,2000,12.36,38.4937,-98.3804
Kentucky,317,3351405,38,73,2000,2.18,37.5347,-85.3021
Louisiana,174,3827857,8,12,2000,0.31,31.0689,-91.9968
Maine,181,1273365,9,28,2000,2.2,45.3695,-69.2428
Maryland,146,5294196,33,217,2000,4.1,39.055,-76.7909
Massachusetts,341,6282763,97,458,2000,7.29,42.2596,-71.8083
Michigan,620,9818683,156,425,2000,4.33,44.3467,-85.4102
Minnesota,313,4917158,55,169,2000,3.44,46.2807,-94.3053
Mississippi,78,1219754,1,2,2000,0.16,32.7364,-89.6678
Missouri,186,3843304,26,70,2000,1.82,38.3566,-92.458
Montana,102,902195,8,19,2000,2.11,47.0527,-109.6333
Nebraska,202,1360827,6,17,2000,1.25,41.5378,-99.7951
Nevada,37,1998257,8,85,2000,4.25,39.3289,-116.6312
New Hampshire,110,678452,20,32,2000,4.72,43.6805,-71.5811
New Jersey,564,8414350,241,652,2000,7.75,40.1907,-74.6728
New Mexico,43,1076413,3,15,2000,1.39,34.4071,-106.1126
New York,539,18973360,36,608,2000,3.2,42.9538,-75.5268
North Carolina,205,4485728,14,31,2000,0.69,35.5557,-79.3877
North Dakota,80,580299,5,5,2000,0.86,47.4501,-100.4659
Ohio,348,7469352,49,240,2000,3.21,40.2862,-82.7937
Oklahoma,301,3448945,24,80,2000,2.32,35.5889,-97.4943
Oregon,171,3411457,29,142,2000,4.16,43.9336,-120.5583
Pennsylvania,933,11464718,32,141,2000,1.23,40.8781,-77.7996
Rhode Island,48,1048319,10,48,2000,4.58,41.6762,-71.5562
South Carolina,352,4009034,17,33,2000,0.82,33.9169,-80.8964
South Dakota,121,754844,4,7,2000,0.93,44.4443,-100.2263
Tennessee,422,5685152,72,230,2000,4.05,35.85800000000001,-86.3505
Texas,942,20613237,72,286,2000,1.39,31.4757,-99.3312
Utah,127,2233169,28,71,2000,3.18,39.3055,-111.6703
Vermont,43,507533,14,19,2000,3.74,44.0687,-72.6658
Virginia,384,6981101,59,325,2000,4.66,37.5215,-78.8537
Washington,236,5352495,57,242,2000,4.52,47.3826,-120.4472
West Virginia,268,1669624,21,60,2000,3.59,38.6409,-80.6227
Wisconsin,368,5363675,22,47,2000,0.88,44.6243,-89.9941
Wyoming,67,493272,2,9,2000,1.82,42.9957,-107.5512
Alabama,5,268224,0,0,2001,0.0,32.7794,-86.8287
Alaska,1,263588,1,20,2001,7.59,64.0685,-152.2782
Arizona,97,4956803,26,384,2001,7.75,34.2744,-111.6602
Arkansas,3,81509,2,3,2001,3.68,34.8938,-92.4426
California,725,34501130,273,2246,2001,6.51,37.1841,-119.4696
Colorado,202,4330662,34,126,2001,2.91,38.9972,-105.5478
Connecticut,98,3362043,64,169,2001,5.03,41.6219,-72.7273
Delaware,51,794595,8,17,2001,2.14,38.9896,-75.505
District of Columbia,2,571822,2,11,2001,1.92,38.9101,-77.0147
Florida,491,16360995,100,302,2001,1.85,28.6305,-82.4497
Georgia,86,1181401,11,39,2001,3.3,32.6415,-83.4426
Idaho,114,1305535,17,34,2001,2.6,44.3509,-114.613
Illinois,72,4812226,63,282,2001,5.86,40.0417,-89.1965
Indiana,143,3044860,28,74,2001,2.43,39.8942,-86.2816
Iowa,223,2850263,17,32,2001,1.12,42.0751,-93.496
Kansas,344,2299859,12,71,2001,3.09,38.4937,-98.3804
Kentucky,336,3475327,42,82,2001,2.36,37.5347,-85.3021
Louisiana,168,3881451,5,10,2001,0.26,31.0689,-91.9968
Maine,182,1284775,10,32,2001,2.49,45.3695,-69.2428
Maryland,148,5375156,29,231,2001,4.3,39.055,-76.7909
Massachusetts,338,5998889,122,584,2001,9.74,42.2596,-71.8083
Michigan,621,9887717,165,442,2001,4.47,44.3467,-85.4102
Minnesota,295,4951275,61,210,2001,4.24,46.2807,-94.3053
Mississippi,72,942337,3,3,2001,0.32,32.7364,-89.6678
Missouri,85,2336942,20,65,2001,2.78,38.3566,-92.458
Montana,102,902277,7,13,2001,1.44,47.0527,-109.6333
Nebraska,198,1284466,15,53,2001,4.13,41.5378,-99.7951
Nevada,36,2106074,8,94,2001,4.46,39.3289,-116.6312
New Hampshire,108,654953,16,27,2001,4.12,43.6805,-71.5811
New Jersey,561,8484431,253,767,2001,9.04,40.1907,-74.6728
New Mexico,54,1153948,4,20,2001,1.73,34.4071,-106.1126
New York,568,19008440,63,712,2001,3.75,42.9538,-75.5268
North Carolina,449,8109373,41,85,2001,1.05,35.5557,-79.3877
North Dakota,73,563213,10,17,2001,3.02,47.4501,-100.4659
Ohio,363,7602785,71,363,2001,4.77,40.2862,-82.7937
Oklahoma,298,3459483,22,46,2001,1.33,35.5889,-97.4943
Oregon,174,3460951,28,222,2001,6.41,43.9336,-120.5583
Pennsylvania,770,10395227,42,132,2001,1.27,40.8781,-77.7996
Rhode Island,48,1058920,9,63,2001,5.95,41.6762,-71.5562
South Carolina,340,4058727,20,41,2001,1.01,33.9169,-80.8964
South Dakota,113,685419,5,5,2001,0.73,44.4443,-100.2263
Tennessee,445,5737946,77,335,2001,5.84,35.85800000000001,-86.3505
Texas,952,21214801,89,434,2001,2.05,31.4757,-99.3312
Utah,58,1730700,20,65,2001,3.76,39.3055,-111.6703
Vermont,57,562536,11,17,2001,3.02,44.0687,-72.6658
Virginia,397,7147779,69,362,2001,5.06,37.5215,-78.8537
Washington,248,5913174,59,278,2001,4.7,47.3826,-120.4472
West Virginia,279,1756724,20,39,2001,2.22,38.6409,-80.6227
Wisconsin,359,5310699,24,61,2001,1.15,44.6243,-89.9941
Wyoming,35,317185,8,10,2001,3.15,42.9957,-107.5512
Alabama,31,259938,2,2,2002,0.77,32.7794,-86.8287
Alaska,1,267280,1,7,2002,2.62,64.0685,-152.2782
Arizona,88,5023657,29,238,2002,4.74,34.2744,-111.6602
Arkansas,7,387957,0,0,2002,0.0,34.8938,-92.4426
California,726,35056859,243,1648,2002,4.7,37.1841,-119.4696
Colorado,190,4251762,30,96,2002,2.26,38.9972,-105.5478
Connecticut,84,2838717,50,129,2002,4.54,41.6219,-72.7273
Delaware,50,806717,8,13,2002,1.61,38.9896,-75.505
District of Columbia,2,570898,2,14,2002,2.45,38.9101,-77.0147
Florida,489,16660424,93,257,2002,1.54,28.6305,-82.4497
Georgia,76,1558760,10,31,2002,1.99,32.6415,-83.4426
Idaho,117,1330416,14,43,2002,3.23,44.3509,-114.613
Illinois,59,4639084,46,155,2002,3.34,40.0417,-89.1965
Indiana,163,4476334,25,77,2002,1.72,39.8942,-86.2816
Iowa,221,2863046,18,46,2002,1.61,42.0751,-93.496
Kansas,339,2366821,13,55,2002,2.32,38.4937,-98.3804
Kentucky,341,3663360,38,76,2002,2.07,37.5347,-85.3021
Louisiana,159,3418556,13,15,2002,0.44,31.0689,-91.9968
Maine,180,1291128,14,36,2002,2.79,45.3695,-69.2428
Maryland,148,5458137,26,211,2002,3.87,39.055,-76.7909
Massachusetts,305,5822308,90,430,2002,7.39,42.2596,-71.8083
Michigan,619,9814593,164,416,2002,4.24,44.3467,-85.4102
Minnesota,279,4843609,71,203,2002,4.19,46.2807,-94.3053
Mississippi,66,942735,3,3,2002,0.32,32.7364,-89.6678
Missouri,144,2955399,19,64,2002,2.17,38.3566,-92.458
Montana,93,881473,6,13,2002,1.47,47.0527,-109.6333
Nebraska,203,1362661,17,74,2002,5.43,41.5378,-99.7951
Nevada,35,2173491,7,62,2002,2.85,39.3289,-116.6312
New Hampshire,107,654470,19,27,2002,4.13,43.6805,-71.5811
New Jersey,557,8590300,220,570,2002,6.64,40.1907,-74.6728
New Mexico,49,1180982,3,15,2002,1.27,34.4071,-106.1126
New York,505,19154571,63,693,2002,3.62,42.9538,-75.5268
North Carolina,446,8242488,29,62,2002,0.75,35.5557,-79.3877
North Dakota,74,562980,7,18,2002,3.2,47.4501,-100.4659
Ohio,400,8244818,63,263,2002,3.19,40.2862,-82.7937
Oklahoma,301,3493714,19,44,2002,1.26,35.5889,-97.4943
Oregon,172,3509432,24,61,2002,1.74,43.9336,-120.5583
Pennsylvania,849,11086040,26,92,2002,0.83,40.8781,-77.7996
Rhode Island,48,1069725,7,38,2002,3.55,41.6762,-71.5562
South Carolina,310,4103856,35,70,2002,1.71,33.9169,-80.8964
South Dakota,130,734731,4,4,2002,0.54,44.4443,-100.2263
Tennessee,443,5796102,54,129,2002,2.23,35.85800000000001,-86.3505
Texas,969,21698160,82,347,2002,1.6,31.4757,-99.3312
Utah,59,1790393,17,54,2002,3.02,39.3055,-111.6703
Vermont,57,565746,10,18,2002,3.18,44.0687,-72.6658
Virginia,399,7258150,54,291,2002,4.01,37.5215,-78.8537
Washington,246,6036923,47,174,2002,2.88,47.3826,-120.4472
West Virginia,336,1758307,16,41,2002,2.33,38.6409,-80.6227
Wisconsin,370,5438068,13,32,2002,0.59,44.6243,-89.9941
Wyoming,31,290607,4,5,2002,1.72,42.9957,-107.5512
Alabama,36,234120,1,1,2003,0.43,32.7794,-86.8287
Alaska,1,271085,1,13,2003,4.8,64.0685,-152.2782
Arizona,89,5411197,26,246,2003,4.55,34.2744,-111.6602
Arkansas,128,1166678,40,170,2003,14.57,34.8938,-92.4426
California,727,35484453,235,1472,2003,4.15,37.1841,-119.4696
Colorado,185,4153634,35,82,2003,1.97,38.9972,-105.5478
Connecticut,95,3165048,52,134,2003,4.23,41.6219,-72.7273
Delaware,53,817491,6,17,2003,2.08,38.9896,-75.505
District of Columbia,2,563384,2,31,2003,5.5,38.9101,-77.0147
Florida,489,16973420,86,231,2003,1.36,28.6305,-82.4497
Georgia,82,1617487,7,23,2003,1.42,32.6415,-83.4426
Idaho,119,1357404,12,20,2003,1.47,44.3509,-114.613
Illinois,73,5140241,61,208,2003,4.05,40.0417,-89.1965
Indiana,139,3086471,19,48,2003,1.56,39.8942,-86.2816
Iowa,221,2870482,27,38,2003,1.32,42.0751,-93.496
Kansas,341,2379824,19,49,2003,2.06,38.4937,-98.3804
Kentucky,435,3750474,42,81,2003,2.16,37.5347,-85.3021
Louisiana,140,3422474,7,7,2003,0.2,31.0689,-91.9968
Maine,149,1305728,25,77,2003,5.9,45.3695,-69.2428
Maryland,149,5508909,31,248,2003,4.5,39.055,-76.7909
Massachusetts,247,5208869,97,403,2003,7.74,42.2596,-71.8083
Michigan,610,8784731,162,427,2003,4.86,44.3467,-85.4102
Minnesota,327,5028715,60,215,2003,4.28,46.2807,-94.3053
Mississippi,57,825576,1,1,2003,0.12,32.7364,-89.6678
Missouri,183,2881465,21,54,2003,1.87,38.3566,-92.458
Montana,82,853039,5,5,2003,0.59,47.0527,-109.6333
Nebraska,202,1368604,16,46,2003,3.36,41.5378,-99.7951
Nevada,35,2241154,9,97,2003,4.33,39.3289,-116.6312
New Hampshire,125,832285,29,36,2003,4.33,43.6805,-71.5811
New Jersey,555,8638396,236,594,2003,6.88,40.1907,-74.6728
New Mexico,47,1161022,2,11,2003,0.95,34.4071,-106.1126
New York,520,19162447,61,602,2003,3.14,42.9538,-75.5268
North Carolina,461,8337322,22,77,2003,0.92,35.5557,-79.3877
North Dakota,65,549642,8,18,2003,3.27,47.4501,-100.4659
Ohio,387,8511723,64,231,2003,2.71,40.2862,-82.7937
Oklahoma,298,3511532,23,38,2003,1.08,35.5889,-97.4943
Oregon,1,545271,1,95,2003,17.42,43.9336,-120.5583
Pennsylvania,828,11043680,31,115,2003,1.04,40.8781,-77.7996
Rhode Island,48,1076164,10,45,2003,4.18,41.6762,-71.5562
South Carolina,419,4144591,33,54,2003,1.3,33.9169,-80.8964
South Dakota,114,503221,6,10,2003,1.99,44.4443,-100.2263
Tennessee,456,5841748,62,161,2003,2.76,35.85800000000001,-86.3505
Texas,983,22101481,84,294,2003,1.33,31.4757,-99.3312
Utah,57,1775428,21,59,2003,3.32,39.3055,-111.6703
Vermont,59,569065,11,27,2003,4.74,44.0687,-72.6658
Virginia,393,7312051,66,280,2003,3.83,37.5215,-78.8537
Washington,253,6071292,56,222,2003,3.66,47.3826,-120.4472
West Virginia,392,1712606,16,33,2003,1.93,38.6409,-80.6227
Wisconsin,16,1337978,16,31,2003,2.32,44.6243,-89.9941
Wyoming,36,294947,4,12,2003,4.07,42.9957,-107.5512
Alabama,51,527267,3,3,2004,0.57,32.7794,-86.8287
Alaska,1,273714,1,9,2004,3.29,64.0685,-152.2782
Arizona,82,5554597,19,224,2004,4.03,34.2744,-111.6602
Arkansas,192,1632735,50,93,2004,5.7,34.8938,-92.4426
California,725,35893799,245,1393,2004,3.88,37.1841,-119.4696
Colorado,205,4443685,26,59,2004,1.33,38.9972,-105.5478
Connecticut,100,3503604,49,116,2004,3.31,41.6219,-72.7273
Delaware,53,830364,11,33,2004,3.97,38.9896,-75.505
District of Columbia,2,553523,2,49,2004,8.85,38.9101,-77.0147
Florida,490,17351455,95,274,2004,1.58,28.6305,-82.4497
Georgia,77,1576482,7,29,2004,1.84,32.6415,-83.4426
Idaho,119,1392114,12,37,2004,2.66,44.3509,-114.613
Illinois,63,5088478,48,187,2004,3.67,40.0417,-89.1965
Indiana,137,3017102,13,63,2004,2.09,39.8942,-86.2816
Iowa,219,2905626,17,23,2004,0.79,42.0751,-93.496
Kansas,357,2109590,21,49,2004,2.32,38.4937,-98.3804
Kentucky,326,3709354,32,71,2004,1.91,37.5347,-85.3021
Louisiana,148,3499083,12,22,2004,0.63,31.0689,-91.9968
Maine,147,1317253,29,68,2004,5.16,45.3695,-69.2428
Maryland,150,5558058,32,245,2004,4.41,39.055,-76.7909
Massachusetts,301,5837059,90,346,2004,5.93,42.2596,-71.8083
Michigan,601,8995290,172,556,2004,6.18,44.3467,-85.4102
Minnesota,318,5083400,63,239,2004,4.7,46.2807,-94.3053
Mississippi,68,1012911,2,2,2004,0.2,32.7364,-89.6678
Missouri,259,3534443,29,71,2004,2.01,38.3566,-92.458
Montana,105,926865,25,56,2004,6.04,47.0527,-109.6333
Nebraska,207,1493580,15,62,2004,4.15,41.5378,-99.7951
Nevada,35,2334771,4,81,2004,3.47,39.3289,-116.6312
New Hampshire,140,935961,29,48,2004,5.13,43.6805,-71.5811
New Jersey,513,8698879,249,769,2004,8.84,40.1907,-74.6728
New Mexico,49,1172271,3,21,2004,1.79,34.4071,-106.1126
New York,520,19199225,42,386,2004,2.01,42.9538,-75.5268
North Carolina,418,8027181,35,66,2004,0.82,35.5557,-79.3877
North Dakota,69,560073,5,8,2004,1.43,47.4501,-100.4659
Ohio,410,8991851,74,353,2004,3.93,40.2862,-82.7937
Oklahoma,297,3523553,29,51,2004,1.45,35.5889,-97.4943
Oregon,170,3592045,23,155,2004,4.32,43.9336,-120.5583
Pennsylvania,857,11406091,34,105,2004,0.92,40.8781,-77.7996
Rhode Island,48,1080632,8,29,2004,2.68,41.6762,-71.5562
South Carolina,468,4196056,51,105,2004,2.5,33.9169,-80.8964
South Dakota,155,765756,6,7,2004,0.91,44.4443,-100.2263
Tennessee,453,5900962,68,136,2004,2.3,35.85800000000001,-86.3505
Texas,987,22466217,84,309,2004,1.38,31.4757,-99.3312
Utah,55,1840775,16,59,2004,3.21,39.3055,-111.6703
Vermont,74,602735,12,28,2004,4.65,44.0687,-72.6658
Virginia,395,7399760,68,307,2004,4.15,37.5215,-78.8537
Washington,253,6203788,51,175,2004,2.82,47.3826,-120.4472
West Virginia,431,1815354,12,31,2004,1.71,38.6409,-80.6227
Wisconsin,369,5509026,19,37,2004,0.67,44.6243,-89.9941
Wyoming,42,349046,4,4,2004,1.15,42.9957,-107.5512
Alabama,32,455247,0,0,2005,0.0,32.7794,-86.8287
Alaska,1,276109,1,4,2005,1.45,64.0685,-152.2782
Arizona,78,4202942,26,138,2005,3.28,34.2744,-111.6602
Arkansas,205,1703545,66,134,2005,7.87,34.8938,-92.4426
California,725,36132147,252,1379,2005,3.82,37.1841,-119.4696
Colorado,205,4517158,43,125,2005,2.77,38.9972,-105.5478
Connecticut,98,3428766,45,95,2005,2.77,41.6219,-72.7273
Delaware,53,843524,11,45,2005,5.33,38.9896,-75.505
District of Columbia,2,550521,2,48,2005,8.72,38.9101,-77.0147
Florida,492,17744135,95,231,2005,1.3,28.6305,-82.4497
Georgia,71,1925691,4,17,2005,0.88,32.6415,-83.4426
Idaho,106,1425914,16,33,2005,2.31,44.3509,-114.613
Illinois,66,5047250,50,168,2005,3.33,40.0417,-89.1965
Indiana,142,3933013,18,54,2005,1.37,39.8942,-86.2816
Iowa,225,2935183,19,37,2005,1.26,42.0751,-93.496
Kansas,349,2048283,35,72,2005,3.52,38.4937,-98.3804
Kentucky,321,3744693,22,44,2005,1.17,37.5347,-85.3021
Louisiana,133,3248124,10,17,2005,0.52,31.0689,-91.9968
Maine,147,1321505,27,57,2005,4.31,45.3695,-69.2428
Maryland,150,5600388,29,195,2005,3.48,39.055,-76.7909
Massachusetts,267,5665124,83,371,2005,6.55,42.2596,-71.8083
Michigan,597,9997261,166,640,2005,6.4,44.3467,-85.4102
Minnesota,302,4922821,55,206,2005,4.18,46.2807,-94.3053
Mississippi,67,866704,0,0,2005,0.0,32.7364,-89.6678
Missouri,278,3525724,25,78,2005,2.21,38.3566,-92.458
Montana,108,935422,25,65,2005,6.95,47.0527,-109.6333
Nebraska,194,1436768,11,71,2005,4.94,41.5378,-99.7951
Nevada,35,2414807,4,77,2005,3.19,39.3289,-116.6312
New Hampshire,140,1019459,23,32,2005,3.14,43.6805,-71.5811
New Jersey,513,8717925,216,738,2005,8.47,40.1907,-74.6728
New Mexico,48,1222522,3,18,2005,1.47,34.4071,-106.1126
New York,302,7869264,43,249,2005,3.16,42.9538,-75.5268
North Carolina,436,8457849,41,89,2005,1.05,35.5557,-79.3877
North Dakota,71,568522,8,12,2005,2.11,47.4501,-100.4659
Ohio,443,8702176,60,176,2005,2.02,40.2862,-82.7937
Oklahoma,297,3547884,33,41,2005,1.16,35.5889,-97.4943
Oregon,168,3636515,26,137,2005,3.77,43.9336,-120.5583
Pennsylvania,916,11564862,36,118,2005,1.02,40.8781,-77.7996
Rhode Island,48,1076189,10,15,2005,1.39,41.6762,-71.5562
South Carolina,446,4254373,50,98,2005,2.3,33.9169,-80.8964
South Dakota,95,533343,7,9,2005,1.69,44.4443,-100.2263
Tennessee,455,5962959,68,128,2005,2.15,35.85800000000001,-86.3505
Texas,997,22839807,79,264,2005,1.16,31.4757,-99.3312
Utah,112,2433318,14,44,2005,1.81,39.3055,-111.6703
Vermont,75,602314,17,32,2005,5.31,44.0687,-72.6658
Virginia,395,7517151,68,295,2005,3.92,37.5215,-78.8537
Washington,252,6281630,55,171,2005,2.72,47.3826,-120.4472
West Virginia,349,1679815,17,47,2005,2.8,38.6409,-80.6227
Wisconsin,359,5289551,20,46,2005,0.87,44.6243,-89.9941
Wyoming,51,380216,3,3,2005,0.79,42.9957,-107.5512
Alabama,42,693540,1,1,2006,0.14,32.7794,-86.8287
Alaska,2,284014,1,6,2006,2.11,64.0685,-152.2782
Arizona,80,5889288,24,149,2006,2.53,34.2744,-111.6602
Arkansas,257,2739473,42,113,2006,4.12,34.8938,-92.4426
California,728,36457549,250,1297,2006,3.56,37.1841,-119.4696
Colorado,220,4724991,45,138,2006,2.92,38.9972,-105.5478
Connecticut,99,3504130,51,131,2006,3.74,41.6219,-72.7273
Delaware,53,853476,17,48,2006,5.62,38.9896,-75.505
District of Columbia,2,581530,2,57,2006,9.8,38.9101,-77.0147
Florida,491,18045007,91,216,2006,1.2,28.6305,-82.4497
Georgia,61,1145950,4,13,2006,1.13,32.6415,-83.4426
Idaho,105,1460666,12,23,2006,1.57,44.3509,-114.613
Illinois,66,5264133,49,156,2006,2.96,40.0417,-89.1965
Indiana,124,2796935,15,39,2006,1.39,39.8942,-86.2816
Iowa,223,2929952,15,28,2006,0.96,42.0751,-93.496
Kansas,359,2135498,49,109,2006,5.1,38.4937,-98.3804
Kentucky,320,3731141,28,64,2006,1.72,37.5347,-85.3021
Louisiana,108,2291563,13,22,2006,0.96,31.0689,-91.9968
Maine,148,1321574,31,59,2006,4.46,45.3695,-69.2428
Maryland,153,5615727,34,212,2006,3.78,39.055,-76.7909
Massachusetts,328,6040017,85,379,2006,6.27,42.2596,-71.8083
Michigan,598,9981189,185,653,2006,6.54,44.3467,-85.4102
Minnesota,289,4306199,53,137,2006,3.18,46.2807,-94.3053
Mississippi,62,830449,0,0,2006,0.0,32.7364,-89.6678
Missouri,309,3532150,26,78,2006,2.21,38.3566,-92.458
Montana,93,923589,14,24,2006,2.6,47.0527,-109.6333
Nebraska,197,1472246,10,56,2006,3.8,41.5378,-99.7951
Nevada,34,2495529,11,125,2006,5.01,39.3289,-116.6312
New Hampshire,134,987279,20,34,2006,3.44,43.6805,-71.5811
New Jersey,513,8724560,225,759,2006,8.7,40.1907,-74.6728
New Mexico,46,1220005,5,20,2006,1.64,34.4071,-106.1126
New York,277,15094282,41,522,2006,3.46,42.9538,-75.5268
North Carolina,434,8381485,40,100,2006,1.19,35.5557,-79.3877
North Dakota,72,570642,9,16,2006,2.8,47.4501,-100.4659
Ohio,493,8638061,87,300,2006,3.47,40.2862,-82.7937
Oklahoma,294,3568374,28,51,2006,1.43,35.5889,-97.4943
Oregon,169,3697193,32,141,2006,3.81,43.9336,-120.5583
Pennsylvania,954,11740668,27,97,2006,0.83,40.8781,-77.7996
Rhode Island,47,1067610,12,19,2006,1.78,41.6762,-71.5562
South Carolina,476,4318330,56,110,2006,2.55,33.9169,-80.8964
South Dakota,91,599756,7,76,2006,12.67,44.4443,-100.2263
Tennessee,459,6036872,65,202,2006,3.35,35.85800000000001,-86.3505
Texas,996,23483201,68,245,2006,1.04,31.4757,-99.3312
Utah,111,2516523,21,35,2006,1.39,39.3055,-111.6703
Vermont,78,612273,10,21,2006,3.43,44.0687,-72.6658
Virginia,399,7621121,91,341,2006,4.47,37.5215,-78.8537
Washington,253,6393124,56,177,2006,2.77,47.3826,-120.4472
West Virginia,340,1707846,18,34,2006,1.99,38.6409,-80.6227
Wisconsin,371,5556506,25,84,2006,1.51,44.6243,-89.9941
Wyoming,62,503327,4,5,2006,0.99,42.9957,-107.5512
Alabama,156,2388398,5,6,2007,0.25,32.7794,-86.8287
Alaska,1,284142,1,8,2007,2.82,64.0685,-152.2782
Arizona,78,5754940,26,161,2007,2.8,34.2744,-111.6602
Arkansas,265,2765195,27,33,2007,1.19,34.8938,-92.4426
California,727,36553215,276,1400,2007,3.83,37.1841,-119.4696
Colorado,213,4733294,48,156,2007,3.3,38.9972,-105.5478
Connecticut,101,3502309,53,127,2007,3.63,41.6219,-72.7273
Delaware,53,853712,14,49,2007,5.74,38.9896,-75.505
District of Columbia,2,588292,2,41,2007,6.97,38.9101,-77.0147
Florida,490,18152012,73,166,2007,0.91,28.6305,-82.4497
Georgia,18,680591,3,13,2007,1.91,32.6415,-83.4426
Idaho,108,1497812,16,38,2007,2.54,44.3509,-114.613
Illinois,60,4945770,45,167,2007,3.38,40.0417,-89.1965
Indiana,127,2899537,13,40,2007,1.38,39.8942,-86.2816
Iowa,226,2951927,16,27,2007,0.91,42.0751,-93.496
Kansas,348,2137765,45,110,2007,5.15,38.4937,-98.3804
Kentucky,324,3841157,23,48,2007,1.25,37.5347,-85.3021
Louisiana,103,2514916,14,31,2007,1.23,31.0689,-91.9968
Maine,149,1317207,30,72,2007,5.47,45.3695,-69.2428
Maryland,156,5618344,25,150,2007,2.67,39.055,-76.7909
Massachusetts,337,6272474,85,353,2007,5.63,42.2596,-71.8083
Michigan,593,9931655,185,627,2007,6.31,44.3467,-85.4102
Minnesota,321,5196856,47,157,2007,3.02,46.2807,-94.3053
Mississippi,58,704703,0,0,2007,0.0,32.7364,-89.6678
Missouri,561,5699738,39,114,2007,2.0,38.3566,-92.458
Montana,96,944103,11,21,2007,2.22,47.0527,-109.6333
Nebraska,162,1267389,9,44,2007,3.47,41.5378,-99.7951
Nevada,32,2526861,6,63,2007,2.49,39.3289,-116.6312
New Hampshire,143,1021621,25,43,2007,4.21,43.6805,-71.5811
New Jersey,512,8684873,207,748,2007,8.61,40.1907,-74.6728
New Mexico,48,1173881,4,14,2007,1.19,34.4071,-106.1126
New York,273,15335616,29,493,2007,3.21,42.9538,-75.5268
North Carolina,369,7421793,33,75,2007,1.01,35.5557,-79.3877
North Dakota,77,578781,10,14,2007,2.42,47.4501,-100.4659
Ohio,534,8698569,76,312,2007,3.59,40.2862,-82.7937
Oklahoma,293,3617316,26,30,2007,0.83,35.5889,-97.4943
Oregon,239,3743591,40,170,2007,4.54,43.9336,-120.5583
Pennsylvania,1173,12075298,24,83,2007,0.69,40.8781,-77.7996
Rhode Island,47,1057832,7,47,2007,4.44,41.6762,-71.5562
South Carolina,480,4407709,55,127,2007,2.88,33.9169,-80.8964
South Dakota,105,672329,9,37,2007,5.5,44.4443,-100.2263
Tennessee,461,6156260,58,239,2007,3.88,35.85800000000001,-86.3505
Texas,999,23879373,60,242,2007,1.01,31.4757,-99.3312
Utah,117,2619834,28,55,2007,2.1,39.3055,-111.6703
Vermont,80,610907,11,21,2007,3.44,44.0687,-72.6658
Virginia,408,7710349,83,323,2007,4.19,37.5215,-78.8537
Washington,244,6437315,54,195,2007,3.03,47.3826,-120.4472
West Virginia,338,1686872,21,44,2007,2.61,38.6409,-80.6227
Wisconsin,374,5599350,21,69,2007,1.23,44.6243,-89.9941
Wyoming,62,516189,7,21,2007,4.07,42.9957,-107.5512
Alabama,163,2802524,5,11,2008,0.39,32.7794,-86.8287
Alaska,2,286625,2,8,2008,2.79,64.0685,-152.2782
Arizona,89,6438728,26,185,2008,2.87,34.2744,-111.6602
Arkansas,260,2767575,36,91,2008,3.29,34.8938,-92.4426
California,730,36756666,269,1381,2008,3.76,37.1841,-119.4696
Colorado,210,4803326,48,149,2008,3.1,38.9972,-105.5478
Connecticut,101,3501252,57,164,2008,4.68,41.6219,-72.7273
Delaware,54,873092,17,58,2008,6.64,38.9896,-75.505
District of Columbia,2,591833,2,42,2008,7.1,38.9101,-77.0147
Florida,487,18235592,72,153,2008,0.84,28.6305,-82.4497
Georgia,6,554193,2,9,2008,1.62,32.6415,-83.4426
Idaho,106,1519264,12,30,2008,1.97,44.3509,-114.613
Illinois,308,8048213,44,120,2008,1.49,40.0417,-89.1965
Indiana,131,3062775,17,61,2008,1.99,39.8942,-86.2816
Iowa,228,2974039,15,33,2008,1.11,42.0751,-93.496
Kansas,351,2311956,48,113,2008,4.89,38.4937,-98.3804
Kentucky,315,3821826,23,64,2008,1.67,37.5347,-85.3021
Louisiana,87,2445629,10,67,2008,2.74,31.0689,-91.9968
Maine,134,1316456,28,63,2008,4.79,45.3695,-69.2428
Maryland,158,5633597,23,100,2008,1.78,39.055,-76.7909
Massachusetts,351,6397091,91,333,2008,5.21,42.2596,-71.8083
Michigan,590,9754100,171,560,2008,5.74,44.3467,-85.4102
Minnesota,248,4304347,48,164,2008,3.81,46.2807,-94.3053
Mississippi,60,752395,1,4,2008,0.53,32.7364,-89.6678
Missouri,630,5904517,32,99,2008,1.68,38.3566,-92.458
Montana,99,957438,12,24,2008,2.51,47.0527,-109.6333
Nebraska,193,808954,8,11,2008,1.36,41.5378,-99.7951
Nevada,34,2600167,6,94,2008,3.62,39.3289,-116.6312
New Hampshire,144,1137387,26,44,2008,3.87,43.6805,-71.5811
New Jersey,512,8676494,202,744,2008,8.57,40.1907,-74.6728
New Mexico,49,1186698,4,9,2008,0.76,34.4071,-106.1126
New York,339,17526925,76,570,2008,3.25,42.9538,-75.5268
North Carolina,495,9128679,46,124,2008,1.36,35.5557,-79.3877
North Dakota,80,601003,11,16,2008,2.66,47.4501,-100.4659
Ohio,545,9071197,106,345,2008,3.8,40.2862,-82.7937
Oklahoma,303,3642361,20,51,2008,1.4,35.5889,-97.4943
Oregon,166,3775490,37,187,2008,4.95,43.9336,-120.5583
Pennsylvania,1241,12275966,31,68,2008,0.55,40.8781,-77.7996
Rhode Island,48,1050788,14,35,2008,3.33,41.6762,-71.5562
South Carolina,480,4478308,65,153,2008,3.42,33.9169,-80.8964
South Dakota,108,687383,8,42,2008,6.11,44.4443,-100.2263
Tennessee,461,6214418,81,255,2008,4.1,35.85800000000001,-86.3505
Texas,1000,24305393,69,246,2008,1.01,31.4757,-99.3312
Utah,117,2693947,18,40,2008,1.48,39.3055,-111.6703
Vermont,82,606685,12,20,2008,3.3,44.0687,-72.6658
Virginia,407,7767843,75,263,2008,3.39,37.5215,-78.8537
Washington,251,6538142,61,239,2008,3.66,47.3826,-120.4472
West Virginia,294,1636800,23,43,2008,2.63,38.6409,-80.6227
Wisconsin,379,5627967,29,92,2008,1.63,44.6243,-89.9941
Wyoming,62,528009,6,6,2008,1.14,42.9957,-107.5512
Alabama,218,3211336,6,9,2009,0.28,32.7794,-86.8287
Alaska,2,289884,2,9,2009,3.1,64.0685,-152.2782
Arizona,93,6506963,25,219,2009,3.37,34.2744,-111.6602
Arkansas,256,2717288,41,74,2009,2.72,34.8938,-92.4426
California,734,36961664,254,1015,2009,2.75,37.1841,-119.4696
Colorado,218,4952740,55,208,2009,4.2,38.9972,-105.5478
Connecticut,102,3518288,48,198,2009,5.63,41.6219,-72.7273
Delaware,55,885122,9,37,2009,4.18,38.9896,-75.505
District of Columbia,2,599657,2,36,2009,6.0,38.9101,-77.0147
Florida,487,18445281,64,130,2009,0.7,28.6305,-82.4497
Georgia,487,7791562,5,11,2009,0.14,32.6415,-83.4426
Idaho,107,1543741,10,35,2009,2.27,44.3509,-114.613
Illinois,359,8493832,53,129,2009,1.52,40.0417,-89.1965
Indiana,139,3735359,17,55,2009,1.47,39.8942,-86.2816
Iowa,228,2979710,12,18,2009,0.6,42.0751,-93.496
Kansas,352,2195030,62,122,2009,5.56,38.4937,-98.3804
Kentucky,347,3213237,84,150,2009,4.67,37.5347,-85.3021
Louisiana,95,2613140,9,13,2009,0.5,31.0689,-91.9968
Maine,149,1318301,24,50,2009,3.79,45.3695,-69.2428
Maryland,156,5699478,18,102,2009,1.79,39.055,-76.7909
Massachusetts,309,6375433,86,322,2009,5.05,42.2596,-71.8083
Michigan,604,9837274,141,314,2009,3.19,44.3467,-85.4102
Minnesota,87,2563655,31,153,2009,5.97,46.2807,-94.3053
Mississippi,61,827707,2,2,2009,0.24,32.7364,-89.6678
Missouri,621,5978668,36,124,2009,2.07,38.3566,-92.458
Montana,100,968253,14,28,2009,2.89,47.0527,-109.6333
Nebraska,190,1521548,7,78,2009,5.13,41.5378,-99.7951
Nevada,31,2279796,5,48,2009,2.11,39.3289,-116.6312
New Hampshire,151,1160414,18,24,2009,2.07,43.6805,-71.5811
New Jersey,510,8695567,175,549,2009,6.31,40.1907,-74.6728
New Mexico,49,1136341,4,15,2009,1.32,34.4071,-106.1126
New York,515,18703702,80,626,2009,3.35,42.9538,-75.5268
North Carolina,516,9378135,42,103,2009,1.1,35.5557,-79.3877
North Dakota,87,614661,9,14,2009,2.28,47.4501,-100.4659
Ohio,588,9477815,105,297,2009,3.13,40.2862,-82.7937
Oklahoma,314,3682123,27,59,2009,1.6,35.5889,-97.4943
Oregon,73,2384990,32,130,2009,5.45,43.9336,-120.5583
Pennsylvania,1299,12538883,22,46,2009,0.37,40.8781,-77.7996
Rhode Island,48,1053209,13,36,2009,3.42,41.6762,-71.5562
South Carolina,475,4554167,50,124,2009,2.72,33.9169,-80.8964
South Dakota,113,724778,11,42,2009,5.79,44.4443,-100.2263
Tennessee,462,6296254,60,169,2009,2.68,35.85800000000001,-86.3505
Texas,1020,24770372,64,165,2009,0.67,31.4757,-99.3312
Utah,123,2747172,24,48,2009,1.75,39.3055,-111.6703
Vermont,82,607236,15,24,2009,3.95,44.0687,-72.6658
Virginia,413,7882590,67,150,2009,1.9,37.5215,-78.8537
Washington,250,6651663,52,208,2009,3.13,47.3826,-120.4472
West Virginia,291,1674227,17,24,2009,1.43,38.6409,-80.6227
Wisconsin,391,5650571,21,54,2009,0.96,44.6243,-89.9941
Wyoming,63,539500,4,8,2009,1.48,42.9957,-107.5512
Alabama,331,3762738,12,19,2010,0.5,32.7794,-86.8287
Alaska,1,290334,1,7,2010,2.41,64.0685,-152.2782
Arizona,89,6328446,22,236,2010,3.73,34.2744,-111.6602
Arkansas,254,2752987,30,63,2010,2.29,34.8938,-92.4426
California,733,37200288,249,1092,2010,2.94,37.1841,-119.4696
Colorado,217,4908638,44,154,2010,3.14,38.9972,-105.5478
Connecticut,102,3574097,43,147,2010,4.11,41.6219,-72.7273
Delaware,56,897934,10,20,2010,2.23,38.9896,-75.505
District of Columbia,2,601723,1,57,2010,9.47,38.9101,-77.0147
Florida,505,18705419,65,136,2010,0.73,28.6305,-82.4497
Georgia,501,7653795,7,17,2010,0.22,32.6415,-83.4426
Idaho,104,1554255,11,28,2010,1.8,44.3509,-114.613
Illinois,550,10497883,44,94,2010,0.9,40.0417,-89.1965
Indiana,138,3720793,17,94,2010,2.53,39.8942,-86.2816
Iowa,221,2968611,14,17,2010,0.57,42.0751,-93.496
Kansas,350,2230776,23,58,2010,2.6,38.4937,-98.3804
Kentucky,360,3202734,91,173,2010,5.4,37.5347,-85.3021
Louisiana,90,2617664,9,13,2010,0.5,31.0689,-91.9968
Maine,148,1328361,26,61,2010,4.59,45.3695,-69.2428
Maryland,157,5773552,16,80,2010,1.39,39.055,-76.7909
Massachusetts,313,6296379,84,316,2010,5.02,42.2596,-71.8083
Michigan,588,9703717,137,304,2010,3.13,44.3467,-85.4102
Minnesota,92,2698621,32,127,2010,4.71,46.2807,-94.3053
Mississippi,63,794800,1,11,2010,1.38,32.7364,-89.6678
Missouri,633,5987789,29,142,2010,2.37,38.3566,-92.458
Montana,99,981587,14,31,2010,3.16,47.0527,-109.6333
Nebraska,187,1534659,4,61,2010,3.97,41.5378,-99.7951
Nevada,34,2700551,6,68,2010,2.52,39.3289,-116.6312
New Hampshire,151,1155769,22,31,2010,2.68,43.6805,-71.5811
New Jersey,509,8790283,172,543,2010,6.18,40.1907,-74.6728
New Mexico,46,1130803,3,24,2010,2.12,34.4071,-106.1126
New York,574,19307186,97,699,2010,3.62,42.9538,-75.5268
North Carolina,519,9534813,46,94,2010,0.99,35.5557,-79.3877
North Dakota,97,659331,7,8,2010,1.21,47.4501,-100.4659
Ohio,591,9667899,83,247,2010,2.55,40.2862,-82.7937
Oklahoma,316,3713732,24,49,2010,1.32,35.5889,-97.4943
Oregon,216,3286084,30,134,2010,4.08,43.9336,-120.5583
Pennsylvania,1347,12659293,31,57,2010,0.45,40.8781,-77.7996
Rhode Island,48,1052567,11,20,2010,1.9,41.6762,-71.5562
South Carolina,429,4614153,47,109,2010,2.36,33.9169,-80.8964
South Dakota,112,723676,11,51,2010,7.05,44.4443,-100.2263
Tennessee,466,6346105,58,147,2010,2.32,35.85800000000001,-86.3505
Texas,1032,25083730,66,174,2010,0.69,31.4757,-99.3312
Utah,124,2718676,32,63,2010,2.32,39.3055,-111.6703
Vermont,83,614990,9,17,2010,2.76,44.0687,-72.6658
Virginia,413,8001024,53,175,2010,2.19,37.5215,-78.8537
Washington,250,6717480,56,232,2010,3.45,47.3826,-120.4472
West Virginia,277,1713013,17,33,2010,1.93,38.6409,-80.6227
Wisconsin,395,5682402,30,93,2010,1.64,44.6243,-89.9941
Wyoming,64,559126,2,2,2010,0.36,42.9957,-107.5512
Alabama,98,2285487,50,83,2011,3.63,32.7794,-86.8287
Alaska,2,304924,1,8,2011,2.62,64.0685,-152.2782
Arizona,84,6225041,26,192,2011,3.08,34.2744,-111.6602
Arkansas,259,2804225,10,11,2011,0.39,34.8938,-92.4426
California,734,37691912,257,1040,2011,2.76,37.1841,-119.4696
Colorado,218,4992496,57,186,2011,3.73,38.9972,-105.5478
Connecticut,102,3580709,42,140,2011,3.91,41.6219,-72.7273
Delaware,56,907135,8,15,2011,1.65,38.9896,-75.505
District of Columbia,2,617996,2,83,2011,13.43,38.9101,-77.0147
Florida,504,18945433,58,123,2011,0.65,28.6305,-82.4497
Georgia,521,8600353,8,17,2011,0.2,32.6415,-83.4426
Idaho,107,1583018,12,33,2011,2.08,44.3509,-114.613
Illinois,563,9959109,39,69,2011,0.69,40.0417,-89.1965
Indiana,137,3701222,17,100,2011,2.7,39.8942,-86.2816
Iowa,212,2904419,12,15,2011,0.52,42.0751,-93.496
Kansas,357,2426569,34,67,2011,2.76,38.4937,-98.3804
Kentucky,374,3581320,86,155,2011,4.33,37.5347,-85.3021
Louisiana,82,2448022,5,5,2011,0.2,31.0689,-91.9968
Maine,149,1328188,20,55,2011,4.14,45.3695,-69.2428
Maryland,156,5828289,19,49,2011,0.84,39.055,-76.7909
Massachusetts,308,6361208,80,367,2011,5.77,42.2596,-71.8083
Michigan,564,9569653,137,346,2011,3.62,44.3467,-85.4102
Minnesota,180,3992533,44,148,2011,3.71,46.2807,-94.3053
Mississippi,54,748806,1,1,2011,0.13,32.7364,-89.6678
Missouri,633,6001755,34,117,2011,1.95,38.3566,-92.458
Montana,99,988577,9,23,2011,2.33,47.0527,-109.6333
Nebraska,185,1478313,7,36,2011,2.44,41.5378,-99.7951
Nevada,13,2183002,5,59,2011,2.7,39.3289,-116.6312
New Hampshire,151,1176668,14,22,2011,1.87,43.6805,-71.5811
New Jersey,510,8819533,162,508,2011,5.76,40.1907,-74.6728
New Mexico,40,973183,3,28,2011,2.88,34.4071,-106.1126
New York,561,19297804,87,544,2011,2.82,42.9538,-75.5268
North Carolina,516,9655664,49,112,2011,1.16,35.5557,-79.3877
North Dakota,94,666780,8,27,2011,4.05,47.4501,-100.4659
Ohio,588,9879527,83,228,2011,2.31,40.2862,-82.7937
Oklahoma,319,3790684,17,29,2011,0.77,35.5889,-97.4943
Oregon,75,2437231,29,128,2011,5.25,43.9336,-120.5583
Pennsylvania,1372,12565359,20,53,2011,0.42,40.8781,-77.7996
Rhode Island,48,1051302,5,20,2011,1.9,41.6762,-71.5562
South Carolina,341,4668211,65,135,2011,2.89,33.9169,-80.8964
South Dakota,110,731246,7,21,2011,2.87,44.4443,-100.2263
Tennessee,463,6403353,62,144,2011,2.25,35.85800000000001,-86.3505
Texas,1027,25629269,57,152,2011,0.59,31.4757,-99.3312
Utah,125,2775105,29,68,2011,2.45,39.3055,-111.6703
Vermont,84,619283,6,7,2011,1.13,44.0687,-72.6658
Virginia,408,8087318,54,144,2011,1.78,37.5215,-78.8537
Washington,246,6822528,69,213,2011,3.12,47.3826,-120.4472
West Virginia,281,1689892,14,18,2011,1.07,38.6409,-80.6227
Wisconsin,399,5669896,22,76,2011,1.34,44.6243,-89.9941
Wyoming,63,561000,2,2,2011,0.36,42.9957,-107.5512
Alabama,8,141235,1,6,2012,4.25,32.7794,-86.8287
Alaska,5,315266,1,6,2012,1.9,64.0685,-152.2782
Arizona,81,5974180,22,176,2012,2.95,34.2744,-111.6602
Arkansas,265,2748544,17,30,2012,1.09,34.8938,-92.4426
California,731,37933751,247,910,2012,2.4,37.1841,-119.4696
Colorado,227,5109141,50,189,2012,3.7,38.9972,-105.5478
Connecticut,101,3574937,48,149,2012,4.17,41.6219,-72.7273
Delaware,57,917092,5,10,2012,1.09,38.9896,-75.505
District of Columbia,2,632323,2,72,2012,11.39,38.9101,-77.0147
Florida,505,19224398,69,144,2012,0.75,28.6305,-82.4497
Georgia,513,7696372,5,21,2012,0.27,32.6415,-83.4426
Idaho,108,1595241,10,35,2012,2.19,44.3509,-114.613
Illinois,711,12297695,49,84,2012,0.68,40.0417,-89.1965
Indiana,112,2684625,8,37,2012,1.38,39.8942,-86.2816
Iowa,219,2935796,4,8,2012,0.27,42.0751,-93.496
Kansas,350,2258766,34,81,2012,3.59,38.4937,-98.3804
Kentucky,379,3653352,86,194,2012,5.31,37.5347,-85.3021
Louisiana,58,2213017,3,4,2012,0.18,31.0689,-91.9968
Maine,149,1329192,20,52,2012,3.91,45.3695,-69.2428
Maryland,154,5884563,16,35,2012,0.59,39.055,-76.7909
Massachusetts,304,5736749,76,157,2012,2.74,42.2596,-71.8083
Michigan,592,9666469,178,617,2012,6.38,44.3467,-85.4102
Minnesota,177,3834480,27,72,2012,1.88,46.2807,-94.3053
Mississippi,53,707165,3,18,2012,2.55,32.7364,-89.6678
Missouri,636,6019690,29,104,2012,1.73,38.3566,-92.458
Montana,99,995410,13,36,2012,3.62,47.0527,-109.6333
Nebraska,69,673815,5,9,2012,1.34,41.5378,-99.7951
Nevada,4,2195232,4,91,2012,4.15,39.3289,-116.6312
New Hampshire,152,1186056,21,29,2012,2.45,43.6805,-71.5811
New Mexico,31,223466,1,2,2012,0.89,34.4071,-106.1126
New York,548,19222847,73,715,2012,3.72,42.9538,-75.5268
North Carolina,523,9750451,44,119,2012,1.22,35.5557,-79.3877
North Dakota,96,689607,14,41,2012,5.95,47.4501,-100.4659
Ohio,594,9841632,104,257,2012,2.61,40.2862,-82.7937
Oklahoma,243,1363283,18,21,2012,1.54,35.5889,-97.4943
Oregon,72,2015920,24,52,2012,2.58,43.9336,-120.5583
Pennsylvania,1382,12635883,20,38,2012,0.3,40.8781,-77.7996
Rhode Island,47,1049246,7,12,2012,1.14,41.6762,-71.5562
South Carolina,398,4714086,68,148,2012,3.14,33.9169,-80.8964
South Dakota,113,756389,7,29,2012,3.83,44.4443,-100.2263
Tennessee,461,6456188,80,317,2012,4.91,35.85800000000001,-86.3505
Texas,65,3484920,20,52,2012,1.49,31.4757,-99.3312
Utah,128,2799874,36,102,2012,3.64,39.3055,-111.6703
Vermont,87,622979,6,12,2012,1.93,44.0687,-72.6658
Virginia,420,8185867,46,134,2012,1.64,37.5215,-78.8537
Washington,247,6890640,69,272,2012,3.95,47.3826,-120.4472
West Virginia,285,1733977,16,27,2012,1.56,38.6409,-80.6227
Wisconsin,400,5682618,22,68,2012,1.2,44.6243,-89.9941
Wyoming,59,555285,2,2,2012,0.36,42.9957,-107.5512
Alabama,48,1147612,4,6,2013,0.52,32.7794,-86.8287
Alaska,33,730950,1,8,2013,1.09,64.0685,-152.2782
Arizona,81,6358545,21,155,2013,2.44,34.2744,-111.6602
Arkansas,265,2809536,20,27,2013,0.96,34.8938,-92.4426
California,732,38324460,229,843,2013,2.2,37.1841,-119.4696
Colorado,226,5163276,48,128,2013,2.48,38.9972,-105.5478
Connecticut,98,3566367,48,145,2013,4.07,41.6219,-72.7273
Delaware,58,925749,11,12,2013,1.3,38.9896,-75.505
District of Columbia,2,646449,2,72,2013,11.14,38.9101,-77.0147
Florida,504,19455529,41,76,2013,0.39,28.6305,-82.4497
Georgia,499,7817674,7,57,2013,0.73,32.6415,-83.4426
Idaho,108,1611676,12,32,2013,1.99,44.3509,-114.613
Illinois,720,12269532,38,105,2013,0.86,40.0417,-89.1965
Indiana,134,4034953,15,75,2013,1.86,39.8942,-86.2816
Iowa,222,2958457,9,10,2013,0.34,42.0751,-93.496
Kansas,354,2665446,30,64,2013,2.4,38.4937,-98.3804
Kentucky,385,4334254,77,171,2013,3.95,37.5347,-85.3021
Louisiana,109,3237092,6,22,2013,0.68,31.0689,-91.9968
Maine,148,1328302,17,25,2013,1.88,45.3695,-69.2428
Maryland,154,5928814,20,51,2013,0.86,39.055,-76.7909
Massachusetts,330,6496451,78,350,2013,5.39,42.2596,-71.8083
Michigan,600,9733958,141,329,2013,3.38,44.3467,-85.4102
Minnesota,257,4904213,39,144,2013,2.94,46.2807,-94.3053
Mississippi,90,1497332,2,4,2013,0.27,32.7364,-89.6678
Missouri,621,6040074,20,102,2013,1.69,38.3566,-92.458
Montana,98,1000016,12,31,2013,3.1,47.0527,-109.6333
Nebraska,182,1511235,10,36,2013,2.38,41.5378,-99.7951
Nevada,5,2229342,5,73,2013,3.27,39.3289,-116.6312
New Hampshire,151,1178087,16,21,2013,1.78,43.6805,-71.5811
New Jersey,508,8898292,140,414,2013,4.65,40.1907,-74.6728
New Mexico,23,888880,3,12,2013,1.35,34.4071,-106.1126
New York,566,19515678,85,615,2013,3.15,42.9538,-75.5268
North Carolina,522,9845983,48,118,2013,1.2,35.5557,-79.3877
North Dakota,105,722021,19,51,2013,7.06,47.4501,-100.4659
Ohio,644,10376248,111,370,2013,3.57,40.2862,-82.7937
Oklahoma,328,3850568,25,41,2013,1.06,35.5889,-97.4943
Oregon,76,2301273,18,66,2013,2.87,43.9336,-120.5583
Pennsylvania,1375,12657821,20,64,2013,0.51,40.8781,-77.7996
Rhode Island,48,1051511,7,7,2013,0.67,41.6762,-71.5562
South Carolina,418,4761406,39,51,2013,1.07,33.9169,-80.8964
South Dakota,113,767653,8,13,2013,1.69,44.4443,-100.2263
Tennessee,466,6495978,56,196,2013,3.02,35.85800000000001,-86.3505
Texas,1000,26304575,50,132,2013,0.5,31.4757,-99.3312
Utah,131,2883607,35,75,2013,2.6,39.3055,-111.6703
Vermont,88,623447,10,12,2013,1.92,44.0687,-72.6658
Virginia,416,8258337,54,119,2013,1.44,37.5215,-78.8537
Washington,244,6967181,80,291,2013,4.18,47.3826,-120.4472
West Virginia,263,1670269,17,56,2013,3.35,38.6409,-80.6227
Wisconsin,402,5691976,21,50,2013,0.88,44.6243,-89.9941
Wyoming,63,577987,1,1,2013,0.17,42.9957,-107.5512
Alabama,39,794907,4,9,2014,1.13,32.7794,-86.8287
Alaska,33,732371,1,6,2014,0.82,64.0685,-152.2782
Arizona,99,6433584,22,265,2014,4.12,34.2744,-111.6602
Arkansas,270,2661818,5,8,2014,0.3,34.8938,-92.4426
California,743,38802500,208,759,2014,1.96,37.1841,-119.4696
Colorado,231,5268592,40,96,2014,1.82,38.9972,-105.5478
Connecticut,95,3375662,54,123,2014,3.64,41.6219,-72.7273
Delaware,60,935614,9,13,2014,1.39,38.9896,-75.505
District of Columbia,2,658893,2,70,2014,10.62,38.9101,-77.0147
Florida,505,19794279,37,65,2014,0.33,28.6305,-82.4497
Georgia,479,8204655,4,41,2014,0.5,32.6415,-83.4426
Idaho,112,1634011,10,25,2014,1.53,44.3509,-114.613
Illinois,693,12029618,48,109,2014,0.91,40.0417,-89.1965
Indiana,348,6093574,15,50,2014,0.82,39.8942,-86.2816
Iowa,221,2974604,10,11,2014,0.37,42.0751,-93.496
Kansas,359,2843179,37,73,2014,2.57,38.4937,-98.3804
Kentucky,399,4386536,84,163,2014,3.72,37.5347,-85.3021
Louisiana,86,2706155,6,9,2014,0.33,31.0689,-91.9968
Maine,184,1330089,15,28,2014,2.11,45.3695,-69.2428
Maryland,154,5976407,9,16,2014,0.27,39.055,-76.7909
Massachusetts,315,6485973,90,375,2014,5.78,42.2596,-71.8083
Michigan,607,9732430,119,311,2014,3.2,44.3467,-85.4102
Minnesota,292,5287138,27,98,2014,1.85,46.2807,-94.3053
Mississippi,75,1349655,1,1,2014,0.07,32.7364,-89.6678
Missouri,630,6061406,25,76,2014,1.25,38.3566,-92.458
Montana,98,992702,12,30,2014,3.02,47.0527,-109.6333
Nebraska,216,1763318,7,47,2014,2.67,41.5378,-99.7951
Nevada,51,2834483,4,24,2014,0.85,39.3289,-116.6312
New Hampshire,158,1238190,11,14,2014,1.13,43.6805,-71.5811
New Jersey,509,8936591,126,336,2014,3.76,40.1907,-74.6728
New Mexico,7,717010,3,13,2014,1.81,34.4071,-106.1126
New York,572,19652379,59,545,2014,2.77,42.9538,-75.5268
North Carolina,524,9942854,40,140,2014,1.41,35.5557,-79.3877
North Dakota,111,738176,16,40,2014,5.42,47.4501,-100.4659
Ohio,606,9711237,105,403,2014,4.15,40.2862,-82.7937
Oklahoma,333,3878051,18,33,2014,0.85,35.5889,-97.4943
Oregon,92,1526458,15,26,2014,1.7,43.9336,-120.5583
Pennsylvania,1457,12587318,22,50,2014,0.4,40.8781,-77.7996
Rhode Island,48,1054130,4,4,2014,0.38,41.6762,-71.5562
South Carolina,430,4813088,32,49,2014,1.02,33.9169,-80.8964
South Dakota,121,776484,12,18,2014,2.32,44.4443,-100.2263
Tennessee,465,6519911,53,194,2014,2.98,35.85800000000001,-86.3505
Texas,1033,26922758,57,145,2014,0.54,31.4757,-99.3312
Utah,134,2926391,23,50,2014,1.71,39.3055,-111.6703
Vermont,91,626306,10,15,2014,2.39,44.0687,-72.6658
Virginia,414,8324943,50,118,2014,1.42,37.5215,-78.8537
Washington,262,7051748,67,308,2014,4.37,47.3826,-120.4472
West Virginia,269,1648198,16,26,2014,1.58,38.6409,-80.6227
Wisconsin,397,5610210,22,51,2014,0.91,44.6243,-89.9941
Wyoming,63,579446,0,0,2014,0.0,42.9957,-107.5512
Alabama,34,1252146,3,10,2015,0.8,32.7794,-86.8287
Alaska,33,734820,4,8,2015,1.09,64.0685,-152.2782
Arizona,101,6622880,21,276,2015,4.17,34.2744,-111.6602
Arkansas,279,2754543,4,5,2015,0.18,34.8938,-92.4426
California,730,39137326,213,837,2015,2.14,37.1841,-119.4696
Colorado,234,5445853,42,107,2015,1.96,38.9972,-105.5478
Connecticut,95,3399068,44,93,2015,2.74,41.6219,-72.7273
Delaware,60,945934,7,11,2015,1.16,38.9896,-75.505
District of Columbia,2,672228,2,65,2015,9.67,38.9101,-77.0147
Florida,38,5356877,36,72,2015,1.34,28.6305,-82.4497
Georgia,473,7991234,7,44,2015,0.55,32.6415,-83.4426
Idaho,112,1654475,19,34,2015,2.06,44.3509,-114.613
Illinois,741,12501008,43,90,2015,0.72,40.0417,-89.1965
Indiana,168,3224755,18,63,2015,1.95,39.8942,-86.2816
Iowa,237,3105094,5,6,2015,0.19,42.0751,-93.496
Kansas,345,2741323,34,62,2015,2.26,38.4937,-98.3804
Kentucky,403,4402368,83,188,2015,4.27,37.5347,-85.3021
Louisiana,148,3711824,15,38,2015,1.02,31.0689,-91.9968
Maine,184,1329328,14,38,2015,2.86,45.3695,-69.2428
Maryland,154,6006401,11,41,2015,0.68,39.055,-76.7909
Massachusetts,342,6566279,85,411,2015,6.26,42.2596,-71.8083
Michigan,617,9834270,127,309,2015,3.14,44.3467,-85.4102
Minnesota,319,5218435,27,109,2015,2.09,46.2807,-94.3053
Mississippi,43,763830,0,0,2015,0.0,32.7364,-89.6678
Missouri,628,6079483,28,100,2015,1.64,38.3566,-92.458
Montana,101,1023807,13,45,2015,4.4,47.0527,-109.6333
Nebraska,227,1821196,3,19,2015,1.04,41.5378,-99.7951
Nevada,53,2890845,6,58,2015,2.01,39.3289,-116.6312
New Hampshire,168,1267715,9,13,2015,1.03,43.6805,-71.5811
New Jersey,508,8956395,123,330,2015,3.68,40.1907,-74.6728
New Mexico,18,574972,2,13,2015,2.26,34.4071,-106.1126
New York,575,19766342,60,500,2015,2.53,42.9538,-75.5268
North Carolina,532,10041690,52,161,2015,1.6,35.5557,-79.3877
North Dakota,112,756927,19,36,2015,4.76,47.4501,-100.4659
Ohio,595,9781677,109,416,2015,4.25,40.2862,-82.7937
Oklahoma,351,3896985,29,37,2015,0.95,35.5889,-97.4943
Oregon,130,1671416,16,65,2015,3.89,43.9336,-120.5583
Pennsylvania,1436,12550581,26,64,2015,0.51,40.8781,-77.7996
Rhode Island,49,1056298,8,18,2015,1.7,41.6762,-71.5562
South Carolina,436,4826241,40,55,2015,1.14,33.9169,-80.8964
South Dakota,121,782152,9,16,2015,2.05,44.4443,-100.2263
Tennessee,463,6600299,61,221,2015,3.35,35.85800000000001,-86.3505
Texas,1026,27390337,62,191,2015,0.7,31.4757,-99.3312
Utah,133,2966781,22,47,2015,1.58,39.3055,-111.6703
Vermont,90,626042,5,8,2015,1.28,44.0687,-72.6658
Virginia,414,8380278,58,158,2015,1.89,37.5215,-78.8537
Washington,256,7163444,79,275,2015,3.84,47.3826,-120.4472
West Virginia,229,1494503,12,41,2015,2.74,38.6409,-80.6227
Wisconsin,395,5580752,25,43,2015,0.77,44.6243,-89.9941
Wyoming,57,564577,1,2,2015,0.35,42.9957,-107.5512
Alabama,28,1013839,4,14,2016,1.38,32.7794,-86.8287
Alaska,32,738566,3,11,2016,1.49,64.0685,-152.2782
Arizona,85,6361910,18,213,2016,3.35,34.2744,-111.6602
Arkansas,288,2853645,5,12,2016,0.42,34.8938,-92.4426
California,733,39242633,213,931,2016,2.37,37.1841,-119.4696
Colorado,229,5519770,37,104,2016,1.88,38.9972,-105.5478
Connecticut,106,3576452,42,106,2016,2.96,41.6219,-72.7273
Delaware,63,952065,8,15,2016,1.58,38.9896,-75.505
District of Columbia,2,681170,2,115,2016,16.88,38.9101,-77.0147
Florida,46,8988095,44,96,2016,1.07,28.6305,-82.4497
Georgia,493,8216137,6,39,2016,0.47,32.6415,-83.4426
Idaho,111,1683140,14,27,2016,1.6,44.3509,-114.613
Illinois,738,12373460,42,111,2016,0.9,40.0417,-89.1965
Indiana,164,2874580,24,78,2016,2.71,39.8942,-86.2816
Iowa,241,3113786,12,17,2016,0.55,42.0751,-93.496
Kansas,343,2591338,30,49,2016,1.89,38.4937,-98.3804
Kentucky,405,4427530,79,206,2016,4.65,37.5347,-85.3021
Louisiana,139,3560451,10,26,2016,0.73,31.0689,-91.9968
Maine,199,1331479,14,40,2016,3.0,45.3695,-69.2428
Maryland,154,6016447,10,37,2016,0.61,39.055,-76.7909
Massachusetts,351,6637616,84,391,2016,5.89,42.2596,-71.8083
Michigan,625,9847710,166,399,2016,4.05,44.3467,-85.4102
Minnesota,331,5178985,34,119,2016,2.3,46.2807,-94.3053
Mississippi,26,585454,4,7,2016,1.2,32.7364,-89.6678
Missouri,612,6089857,24,88,2016,1.45,38.3566,-92.458
Montana,109,1042048,10,20,2016,1.92,47.0527,-109.6333
Nebraska,235,1846626,7,31,2016,1.68,41.5378,-99.7951
Nevada,51,2940058,4,41,2016,1.39,39.3289,-116.6312
New Hampshire,174,1275170,19,28,2016,2.2,43.6805,-71.5811
New Jersey,507,8942857,117,282,2016,3.15,40.1907,-74.6728
New Mexico,18,576958,2,26,2016,4.51,34.4071,-106.1126
New York,584,19738790,72,595,2016,3.01,42.9538,-75.5268
North Carolina,528,10145637,41,148,2016,1.46,35.5557,-79.3877
North Dakota,108,757493,6,8,2016,1.06,47.4501,-100.4659
Ohio,562,9573452,115,442,2016,4.62,40.2862,-82.7937
Oklahoma,355,3869095,22,33,2016,0.85,35.5889,-97.4943
Oregon,170,3547910,28,104,2016,2.93,43.9336,-120.5583
Pennsylvania,1463,12644372,20,61,2016,0.48,40.8781,-77.7996
Rhode Island,49,1056426,10,12,2016,1.14,41.6762,-71.5562
South Carolina,440,4936962,21,23,2016,0.47,33.9169,-80.8964
South Dakota,112,787337,12,18,2016,2.29,44.4443,-100.2263
Tennessee,463,6651194,55,142,2016,2.13,35.85800000000001,-86.3505
Texas,1097,27862596,66,178,2016,0.64,31.4757,-99.3312
Utah,130,3014190,32,66,2016,2.19,39.3055,-111.6703
Vermont,90,624594,15,25,2016,4.0,44.0687,-72.6658
Virginia,419,8411424,55,122,2016,1.45,37.5215,-78.8537
Washington,253,7282106,80,387,2016,5.31,47.3826,-120.4472
West Virginia,324,1621366,19,41,2016,2.53,38.6409,-80.6227
Wisconsin,414,5652781,18,34,2016,0.6,44.6243,-89.9941
Wyoming,55,556446,1,3,2016,0.54,42.9957,-107.5512
Alabama,334,2918324,3,9,2017,0.31,32.7794,-86.8287
Alaska,32,736205,3,4,2017,0.54,64.0685,-152.2782
Arizona,87,6755795,20,264,2017,3.91,34.2744,-111.6602
Arkansas,292,2836240,4,7,2017,0.25,34.8938,-92.4426
California,730,39529144,232,1094,2017,2.77,37.1841,-119.4696
Colorado,221,5575629,43,106,2017,1.9,38.9972,-105.5478
Connecticut,107,3588184,44,111,2017,3.09,41.6219,-72.7273
Delaware,63,961939,11,29,2017,3.01,38.9896,-75.505
District of Columbia,2,693972,2,193,2017,27.81,38.9101,-77.0147
Florida,654,20515334,67,145,2017,0.71,28.6305,-82.4497
Georgia,509,8948013,8,27,2017,0.3,32.6415,-83.4426
Idaho,106,1699259,21,53,2017,3.12,44.3509,-114.613
Illinois,741,12270234,32,82,2017,0.67,40.0417,-89.1965
Indiana,162,2287298,21,55,2017,2.4,39.8942,-86.2816
Iowa,240,3104739,8,11,2017,0.35,42.0751,-93.496
Kansas,364,2620785,38,75,2017,2.86,38.4937,-98.3804
Kentucky,409,4444239,132,378,2017,8.51,37.5347,-85.3021
Louisiana,145,3764930,15,26,2017,0.69,31.0689,-91.9968
Maine,132,1335907,10,32,2017,2.4,45.3695,-69.2428
Maryland,154,6052177,18,48,2017,0.79,39.055,-76.7909
Massachusetts,360,6703220,102,427,2017,6.37,42.2596,-71.8083
Michigan,624,9928921,177,456,2017,4.59,44.3467,-85.4102
Minnesota,353,5508515,42,146,2017,2.65,46.2807,-94.3053
Mississippi,28,682046,1,1,2017,0.15,32.7364,-89.6678
Missouri,610,6109596,32,105,2017,1.72,38.3566,-92.458
Montana,110,1050005,11,15,2017,1.43,47.0527,-109.6333
Nebraska,238,1865845,9,45,2017,2.41,41.5378,-99.7951
Nevada,51,2998039,3,5,2017,0.17,39.3289,-116.6312
New Hampshire,177,1295556,13,13,2017,1.0,43.6805,-71.5811
New Jersey,518,9005644,155,495,2017,5.5,40.1907,-74.6728
New Mexico,17,561375,1,7,2017,1.25,34.4071,-106.1126
New York,567,19685625,74,552,2017,2.8,42.9538,-75.5268
North Carolina,527,10271767,44,166,2017,1.62,35.5557,-79.3877
North Dakota,110,754604,8,15,2017,1.99,47.4501,-100.4659
Ohio,572,9703884,137,380,2017,3.92,40.2862,-82.7937
Oklahoma,412,3916111,27,37,2017,0.94,35.5889,-97.4943
Oregon,214,3902529,29,146,2017,3.74,43.9336,-120.5583
Pennsylvania,1488,12730580,23,78,2017,0.61,40.8781,-77.7996
Rhode Island,49,1059639,4,11,2017,1.04,41.6762,-71.5562
South Carolina,438,4996532,46,87,2017,1.74,33.9169,-80.8964
South Dakota,116,799083,10,17,2017,2.13,44.4443,-100.2263
Tennessee,466,6715984,57,136,2017,2.03,35.85800000000001,-86.3505
Texas,1009,28096894,75,190,2017,0.68,31.4757,-99.3312
Utah,126,3056326,27,78,2017,2.55,39.3055,-111.6703
Vermont,90,623657,17,34,2017,5.45,44.0687,-72.6658
Virginia,413,8467744,65,193,2017,2.28,37.5215,-78.8537
Washington,243,7396166,72,510,2017,6.9,47.3826,-120.4472
West Virginia,245,1591058,20,31,2017,1.95,38.6409,-80.6227
Wisconsin,437,5767235,24,46,2017,0.8,44.6243,-89.9941
Wyoming,57,553149,3,4,2017,0.72,42.9957,-107.5512
